# Wellthyfit Authors
# All 52 authors preserved from WordPress

aditi-misra:
  name: "Aditi Misra"
  login: "Aditi Misra"
  email: "aditi.misra@gmail.com"
  first_name: "Aditi"
  last_name: "Misra"
  posts: 1
  bio: ""
  avatar: "/assets/images/authors/aditi-misra.jpg"

intelligizedigital:
  name: "Ajay Yadav"
  login: "intelligizedigital"
  email: "intelligizedigital@gmail.com"
  first_name: "Ajay"
  last_name: "Yadav"
  posts: 1
  bio: ""
  avatar: "/assets/images/authors/intelligizedigital.jpg"

common1:
  name: "Alfredo Miranda"
  login: "Common1"
  email: "alfredo.miranda@gmail.com"
  first_name: "Alfredo"
  last_name: "Miranda"
  posts: 14
  bio: ""
  avatar: "/assets/images/authors/common1.jpg"

amar-singh:
  name: "Amar Singh"
  login: "Amar Singh"
  email: "amar@amarsingh.org"
  first_name: "Amar"
  last_name: "Singh"
  posts: 1
  bio: ""
  avatar: "/assets/images/authors/amar-singh.jpg"

amit-sheth:
  name: "Amit Sheth"
  login: "Amit Sheth"
  email: "amitdaretorun@yahoo.com"
  first_name: "Amit"
  last_name: "Sheth"
  posts: 1
  bio: ""
  avatar: "/assets/images/authors/amit-sheth.jpg"

anuradha:
  name: "Anuradha &amp; Tanya"
  login: "Anuradha"
  email: "Anuradhadutt@gmail.com"
  first_name: "Anuradha &amp;"
  last_name: "Tanya"
  posts: 2
  bio: ""
  avatar: "/assets/images/authors/anuradha.jpg"

ash-nath:
  name: "Ash Nath"
  login: "Ash Nath"
  email: "ashoknath38@gmail.com"
  first_name: "Ash"
  last_name: "Nath"
  posts: 3
  bio: ""
  avatar: "/assets/images/authors/ash-nath.jpg"

bijay-nair:
  name: "Bijay Nair"
  login: "Bijay Nair"
  email: "ltcdrbijaynair@gmail.com"
  first_name: "Bijay"
  last_name: "Nair"
  posts: 1
  bio: ""
  avatar: "/assets/images/authors/bijay-nair.jpg"

common:
  name: "Coach Ravinder Singh"
  login: "Common"
  email: "wellthyfithustler@gmail.com"
  first_name: "Coach Ravinder"
  last_name: "Singh"
  posts: 2
  bio: ""
  avatar: "/assets/images/authors/common.jpg"

muthukrishnan-jayaraman:
  name: "Col (Dr) Muthukrishnan Jayaraman"
  login: "Muthukrishnan Jayaraman"
  email: "jmuthukrishnan@hotmail.com"
  first_name: "Col (Dr) Muthukrishnan"
  last_name: "Jayaraman"
  posts: 4
  bio: ""
  avatar: "/assets/images/authors/muthukrishnan-jayaraman.jpg"

rahul:
  name: "Dr. Rahul Manchanda"
  login: "Rahul"
  email: "drrahulmanchanda@rediffmail.com"
  first_name: "Dr. Rahul"
  last_name: "Manchanda"
  posts: 1
  bio: ""
  avatar: "/assets/images/authors/rahul.jpg"

garima-dhamija:
  name: "Garima Dhamija"
  login: "Garima Dhamija"
  email: "garimadhamija@gmail.com"
  first_name: "Garima"
  last_name: "Dhamija"
  posts: 3
  bio: ""
  avatar: "/assets/images/authors/garima-dhamija.jpg"

gee-ess:
  name: "Gee Ess"
  login: "Gee Ess"
  email: "choudhrygs@gmail.com"
  first_name: "Gee"
  last_name: "Ess"
  posts: 17
  bio: ""
  avatar: "/assets/images/authors/gee-ess.jpg"

tawf:
  name: "Gee Ess and Tanya"
  login: "TAWF"
  email: "test@test.com"
  first_name: "Gee Ess"
  last_name: "and Tanya"
  posts: 2
  bio: ""
  avatar: "/assets/images/authors/tawf.jpg"

happy-feet:
  name: "Happy Feet - Gee Ess"
  login: "Happy Feet"
  email: "choudharygs@gmail.com"
  first_name: "Happy"
  last_name: "Feet - Gee Ess"
  posts: 9
  bio: ""
  avatar: "/assets/images/authors/happy-feet.jpg"

harriet:
  name: "Harriet Jenkins"
  login: "Harriet"
  email: "hjenkins0806@gmail.com"
  first_name: "Harriet"
  last_name: "Jenkins"
  posts: 1
  bio: ""
  avatar: "/assets/images/authors/harriet.jpg"

huda-shaikh:
  name: "Huda Shaikh"
  login: "Huda Shaikh"
  email: "shuda6848@gmail.com"
  first_name: "Huda"
  last_name: "Shaikh"
  posts: 1
  bio: ""
  avatar: "/assets/images/authors/huda-shaikh.jpg"

ian:
  name: "Ian Dexter Ladbrooke"
  login: "Ian"
  email: "run.mcladders@yahoo.com"
  first_name: "Ian Dexter"
  last_name: "Ladbrooke"
  posts: 1
  bio: ""
  avatar: "/assets/images/authors/ian.jpg"

jyothi-mahajan:
  name: "Jyothi Mahajan"
  login: "Jyothi Mahajan"
  email: "jyothi.mahajan@gmail.com"
  first_name: "Jyothi"
  last_name: "Mahajan"
  posts: 2
  bio: ""
  avatar: "/assets/images/authors/jyothi-mahajan.jpg"

kamna-desai:
  name: "Kamna Desai"
  login: "Kamna Desai"
  email: "kamnadesainutritionist@gmail.com"
  first_name: "Kamna"
  last_name: "Desai"
  posts: 1
  bio: ""
  avatar: "/assets/images/authors/kamna-desai.jpg"

lovneet-batra:
  name: "Lovneet Batra"
  login: "Lovneet Batra"
  email: "lovneet.batra@gmail.com"
  first_name: "Lovneet"
  last_name: "Batra"
  posts: 0
  bio: ""
  avatar: "/assets/images/authors/lovneet-batra.jpg"

madan-kanti:
  name: "Madan Kanti"
  login: "Madan Kanti"
  email: "madankanti@gmail.com"
  first_name: "Madan"
  last_name: "Kanti"
  posts: 1
  bio: ""
  avatar: "/assets/images/authors/madan-kanti.jpg"

manjeet-kaur-meen:
  name: "Manjeet Meen"
  login: "Manjeet Kaur Meen"
  email: "manjeet.meen@gmail.com"
  first_name: "Manjeet"
  last_name: "Meen"
  posts: 1
  bio: ""
  avatar: "/assets/images/authors/manjeet-kaur-meen.jpg"

manju-viswanathan:
  name: "Manju Viswanathan"
  login: "Manju Viswanathan"
  email: "manjuviswa@gmail.com"
  first_name: "Manju"
  last_name: "Viswanathan"
  posts: 1
  bio: ""
  avatar: "/assets/images/authors/manju-viswanathan.jpg"

meera-cheema:
  name: "Meera Cheema"
  login: "Meera Cheema"
  email: "meeracheema@gmail.com"
  first_name: "Meera"
  last_name: "Cheema"
  posts: 2
  bio: ""
  avatar: "/assets/images/authors/meera-cheema.jpg"

moutushi-tisha-palit:
  name: "Moutushi Tisha Palit"
  login: "Moutushi Tisha Palit"
  email: "tishapalit@gmail.com"
  first_name: "Moutushi Tisha"
  last_name: "Palit"
  posts: 1
  bio: ""
  avatar: "/assets/images/authors/moutushi-tisha-palit.jpg"

neel-banerjee:
  name: "Neel Banerjee"
  login: "Neel Banerjee"
  email: "neelbanerjee2001@gmail.com"
  first_name: "Neel"
  last_name: "Banerjee"
  posts: 1
  bio: ""
  avatar: "/assets/images/authors/neel-banerjee.jpg"

pallavi-aga:
  name: "Pallavi Aga"
  login: "Pallavi Aga"
  email: "drpallavinutritionist@gmail.com"
  first_name: "Pallavi"
  last_name: "Aga"
  posts: 0
  bio: ""
  avatar: "/assets/images/authors/pallavi-aga.jpg"

pallavi-chandrasekhar:
  name: "Pallavi Chandrasekhar"
  login: "Pallavi Chandrasekhar"
  email: "pallavi31dec@gmail.com"
  first_name: "Pallavi"
  last_name: "Chandrasekhar"
  posts: 1
  bio: ""
  avatar: "/assets/images/authors/pallavi-chandrasekhar.jpg"

parul-sheth:
  name: "Parul Sheth"
  login: "Parul Sheth"
  email: "Parul@therunningsoul.com"
  first_name: "Parul"
  last_name: "Sheth"
  posts: 1
  bio: ""
  avatar: "/assets/images/authors/parul-sheth.jpg"

payal-priyadarshini:
  name: "Payal Priyadarshini"
  login: "Payal Priyadarshini"
  email: "prathampriya@gmail.com"
  first_name: "Payal"
  last_name: "Priyadarshini"
  posts: 2
  bio: ""
  avatar: "/assets/images/authors/payal-priyadarshini.jpg"

pratima-mehta:
  name: "Pratima Mehta"
  login: "Pratima Mehta"
  email: "pratima.b.doshi@gmail.com"
  first_name: "Pratima"
  last_name: "Mehta"
  posts: 1
  bio: ""
  avatar: "/assets/images/authors/pratima-mehta.jpg"

prerna:
  name: "Prerna and Tanya"
  login: "Prerna"
  email: "Prernaseth@gmail.com"
  first_name: "Prerna"
  last_name: "and Tanya"
  posts: 1
  bio: ""
  avatar: "/assets/images/authors/prerna.jpg"

poonamb:
  name: "Punam Belaani"
  login: "Poonamb"
  email: "Punam.b@rebuscode.com"
  first_name: "Punam"
  last_name: "Belaani"
  posts: 1
  bio: ""
  avatar: "/assets/images/authors/poonamb.jpg"

rajiv1234:
  name: "Rajiv Dubey"
  login: "rajiv1234"
  email: "dubey.rajiv@gmail.com"
  first_name: "Rajiv"
  last_name: "Dubey"
  posts: 1
  bio: ""
  avatar: "/assets/images/authors/rajiv1234.jpg"

rashmi-mohanty:
  name: "Rashmi Mohanty"
  login: "Rashmi Mohanty"
  email: "mohanty401@gmail.com"
  first_name: "Rashmi"
  last_name: "Mohanty"
  posts: 2
  bio: ""
  avatar: "/assets/images/authors/rashmi-mohanty.jpg"

ratna-verma:
  name: "Ratna Vema"
  login: "Ratna Verma"
  email: "ratnaverma42@yahoo.co.in"
  first_name: "Ratna"
  last_name: "Vema"
  posts: 2
  bio: ""
  avatar: "/assets/images/authors/ratna-verma.jpg"

samar:
  name: "Samar Shivdasani"
  login: "Samar"
  email: "Samshiv@gmail.com"
  first_name: "Samar"
  last_name: "Shivdasani"
  posts: 1
  bio: ""
  avatar: "/assets/images/authors/samar.jpg"

sanchari-sarkar:
  name: "Sanchari Sarkar"
  login: "Sanchari Sarkar"
  email: "ddarkwwoods@gmail.com"
  first_name: "Sanchari"
  last_name: "Sarkar"
  posts: 1
  bio: ""
  avatar: "/assets/images/authors/sanchari-sarkar.jpg"

sangeeta-saikia:
  name: "Sangeeta Saikia"
  login: "Sangeeta Saikia"
  email: "sangeetasaikia@hotmail.com"
  first_name: "Sangeeta"
  last_name: "Saikia"
  posts: 1
  bio: ""
  avatar: "/assets/images/authors/sangeeta-saikia.jpg"

sanjeev-nirman:
  name: "Sanjeev Chabbra"
  login: "Sanjeev Nirman"
  email: "sanjeevnirmanplus@gmail.com"
  first_name: "Sanjeev"
  last_name: "Chabbra"
  posts: 2
  bio: ""
  avatar: "/assets/images/authors/sanjeev-nirman.jpg"

sanjeev:
  name: "Sanjeev Saikia"
  login: "Sanjeev"
  email: "ssaikia2001@hotmail.com"
  first_name: "Sanjeev"
  last_name: "Saikia"
  posts: 1
  bio: ""
  avatar: "/assets/images/authors/sanjeev.jpg"

shubhrata:
  name: "Shubhrata Prakash"
  login: "Shubhrata"
  email: "shubhrata.prakash@gmail.com"
  first_name: "Shubhrata"
  last_name: "Prakash"
  posts: 1
  bio: ""
  avatar: "/assets/images/authors/shubhrata.jpg"

sophjones78:
  name: "Sophia Rohan Jones"
  login: "sophjones78"
  email: "sophjones78@gmail.com"
  first_name: "Sophia"
  last_name: "Rohan Jones"
  posts: 1
  bio: ""
  avatar: "/assets/images/authors/sophjones78.jpg"

sudhanshu:
  name: "Sudhanshu"
  login: "Sudhanshu"
  email: "sudhanshu@webartha.com"
  first_name: "Sudhanshu"
  posts: 0
  bio: ""
  avatar: "/assets/images/authors/sudhanshu.jpg"

suresh:
  name: "Suresh Srinivasan"
  login: "Suresh"
  email: "sureshsrin@gmail.com"
  first_name: "Suresh"
  last_name: "Srinivasan"
  posts: 1
  bio: ""
  avatar: "/assets/images/authors/suresh.jpg"

tech-india:
  name: "TECH India"
  login: "TECH India"
  email: "informacion@techtitute.com"
  first_name: "TECH"
  last_name: "India"
  posts: 1
  bio: ""
  avatar: "/assets/images/authors/tech-india.jpg"

tanya:
  name: "Tanya Agarwal"
  login: "Tanya"
  email: "tanya.singla@gmail.com"
  first_name: "Tanya"
  last_name: "Agarwal"
  posts: 203
  bio: ""
  avatar: "/assets/images/authors/tanya.jpg"

tanya-commom:
  name: "Tanya and Sanjeev"
  login: "Tanya Commom"
  email: "aa@aa.com"
  first_name: "Tanya"
  last_name: "and Sanjeev"
  posts: 0
  bio: ""
  avatar: "/assets/images/authors/tanya-commom.jpg"

taru-mateti:
  name: "Taru Mateti"
  login: "Taru Mateti"
  email: "taru_mateti@yahoo.com"
  first_name: "Taru"
  last_name: "Mateti"
  posts: 2
  bio: ""
  avatar: "/assets/images/authors/taru-mateti.jpg"

common2:
  name: "The Anonymous Runner"
  login: "Common2"
  email: "ssaikia2001@gmail.com"
  first_name: "The Anonymous"
  last_name: "Runner"
  posts: 6
  bio: ""
  avatar: "/assets/images/authors/common2.jpg"

umesh-gupta:
  name: "Umesh Gupta"
  login: "Umesh Gupta"
  email: "Ugupta@open-soft.net"
  first_name: "Umesh"
  last_name: "Gupta"
  posts: 1
  bio: ""
  avatar: "/assets/images/authors/umesh-gupta.jpg"
